Resource Type,ID,URL
Portfolio,'53111892490005159',http://proxy.lib.trentu.ca/login?url=http://books.scholarsportal.info/uri/ebooks/ebooks2/pda/2011-12-01/1/12016.9780470751619
Portfolio,'53111893730005159',http://proxy.lib.trentu.ca/login?url=http://books.scholarsportal.info/uri/ebooks/ebooks2/pda/2011-12-01/1/12016.9780470691175
Portfolio,'53111893610005159',http://proxy.lib.trentu.ca/login?url=http://books.scholarsportal.info/uri/ebooks/ebooks2/pda/2011-12-01/1/10125.9781405112185
Portfolio,'53111892730005159',http://proxy.lib.trentu.ca/login?url=http://books.scholarsportal.info/uri/ebooks/ebooks2/pda/2011-12-01/1/11764.9781412900010
Portfolio,'53111893490005159',http://proxy.lib.trentu.ca/login?url=http://books.scholarsportal.info/uri/ebooks/ebooks2/pda/2011-12-01/1/11980.9781848131033
Portfolio,'53111894110005159',http://proxy.lib.trentu.ca/login?url=http://books.scholarsportal.info/uri/ebooks/ebooks2/pda/2011-12-01/1/10996.9781845932794
Portfolio,'53111893330005159',http://proxy.lib.trentu.ca/login?url=http://books.scholarsportal.info/uri/ebooks/ebooks2/pda/2011-12-01/1/10232.9781845930486
Portfolio,'53111892270005159',http://proxy.lib.trentu.ca/login?url=http://books.scholarsportal.info/uri/ebooks/ebooks2/pda/2011-12-01/1/12475.9781606231807
Portfolio,'53111892690005159',http://proxy.lib.trentu.ca/login?url=http://books.scholarsportal.info/uri/ebooks/ebooks2/pda/2011-12-01/1/8120.0520221869
Portfolio,'53111894010005159',http://proxy.lib.trentu.ca/login?url=http://books.scholarsportal.info/uri/ebooks/ebooks2/pda/2011-12-01/1/7936.0520232364
Portfolio,'53111893890005159',http://proxy.lib.trentu.ca/login?url=http://books.scholarsportal.info/uri/ebooks/ebooks2/pda/2011-12-01/1/13002.9781558607002
Portfolio,'53111892590005159',http://proxy.lib.trentu.ca/login?url=http://books.scholarsportal.info/uri/ebooks/ebooks2/pda/2011-12-01/1/14664.9789004170155
Portfolio,'53111893070005159',http://proxy.lib.trentu.ca/login?url=http://books.scholarsportal.info/uri/ebooks/ebooks2/pda/2011-12-01/1/12619.9780230206182
Portfolio,'53111893170005159',http://proxy.lib.trentu.ca/login?url=http://books.scholarsportal.info/uri/ebooks/ebooks2/pda/2011-12-01/1/9810.0750667257
Portfolio,'53111892390005159',http://proxy.lib.trentu.ca/login?url=http://books.scholarsportal.info/uri/ebooks/ebooks2/pda/2011-12-01/1/14781.9781444315127
Portfolio,'53111892870005159',http://proxy.lib.trentu.ca/login?url=http://books.scholarsportal.info/uri/ebooks/ebooks2/pda/2011-12-01/1/14683.9781597494823
Portfolio,'53111893710005159',http://proxy.lib.trentu.ca/login?url=http://books.scholarsportal.info/uri/ebooks/ebooks2/pda/2011-12-01/1/12619.9780230523203
Portfolio,'53111893250005159',http://proxy.lib.trentu.ca/login?url=http://books.scholarsportal.info/uri/ebooks/ebooks2/pda/2011-12-01/1/7936.0520236203
Portfolio,'53111893370005159',http://proxy.lib.trentu.ca/login?url=http://books.scholarsportal.info/uri/ebooks/ebooks2/pda/2011-12-01/1/13564.9781444308952
Portfolio,'53111893510005159',http://proxy.lib.trentu.ca/login?url=http://books.scholarsportal.info/uri/ebooks/ebooks2/pda/2011-12-01/1/6475.0071387013
Portfolio,'53111892830005159',http://proxy.lib.trentu.ca/login?url=http://books.scholarsportal.info/uri/ebooks/ebooks2/pda/2011-12-01/1/12619.9780230511910
Portfolio,'53111894190005159',http://proxy.lib.trentu.ca/login?url=http://books.scholarsportal.info/uri/ebooks/ebooks2/pda/2011-12-01/1/11980.9781848132603
Portfolio,'53111893910005159',http://proxy.lib.trentu.ca/login?url=http://books.scholarsportal.info/uri/ebooks/ebooks2/pda/2011-12-01/1/11379.9781405111812
Portfolio,'53111894150005159',http://proxy.lib.trentu.ca/login?url=http://books.scholarsportal.info/uri/ebooks/ebooks2/pda/2011-12-01/1/12762.9781856175500
Portfolio,'53111893850005159',http://proxy.lib.trentu.ca/login?url=http://books.scholarsportal.info/uri/ebooks/ebooks2/pda/2011-12-01/1/14691.9781444322576
Portfolio,'53111893350005159',http://proxy.lib.trentu.ca/login?url=http://books.scholarsportal.info/uri/ebooks/ebooks2/pda/2011-12-01/1/13618.9781848131903
Portfolio,'53111894070005159',http://proxy.lib.trentu.ca/login?url=http://books.scholarsportal.info/uri/ebooks/ebooks2/pda/2011-12-01/1/11628.9781593859183
Portfolio,'53111893630005159',http://proxy.lib.trentu.ca/login?url=http://books.scholarsportal.info/uri/ebooks/ebooks2/pda/2011-12-01/1/9292.0471684872
Portfolio,'53111893410005159',http://proxy.lib.trentu.ca/login?url=http://books.scholarsportal.info/uri/ebooks/ebooks2/pda/2011-12-01/1/12965.9781848133587
Portfolio,'53111892790005159',http://proxy.lib.trentu.ca/login?url=http://books.scholarsportal.info/uri/ebooks/ebooks2/pda/2011-12-01/1/8747.0071454470
Portfolio,'53111893130005159',http://proxy.lib.trentu.ca/login?url=http://books.scholarsportal.info/uri/ebooks/ebooks2/pda/2011-12-01/1/13634.9781444310566
Portfolio,'53111893470005159',http://proxy.lib.trentu.ca/login?url=http://books.scholarsportal.info/uri/ebooks/ebooks2/pda/2011-12-01/1/13564.9781444309126
Portfolio,'53111893650005159',http://proxy.lib.trentu.ca/login?url=http://books.scholarsportal.info/uri/ebooks/ebooks2/pda/2011-12-01/1/10693.9781593856212
Portfolio,'53111892770005159',http://proxy.lib.trentu.ca/login?url=http://books.scholarsportal.info/uri/ebooks/ebooks2/pda/2011-12-01/1/15287.9781444320633
Portfolio,'53111892330005159',http://proxy.lib.trentu.ca/login?url=http://books.scholarsportal.info/uri/ebooks/ebooks2/pda/2011-12-01/1/11980.9781848130715
Portfolio,'53111893210005159',http://proxy.lib.trentu.ca/login?url=http://books.scholarsportal.info/uri/ebooks/ebooks2/pda/2011-12-01/1/15212.9780230239555
Portfolio,'53111893870005159',http://proxy.lib.trentu.ca/login?url=http://books.scholarsportal.info/uri/ebooks/ebooks2/pda/2011-12-01/1/15041.9780470612873
Portfolio,'53111892930005159',http://proxy.lib.trentu.ca/login?url=http://books.scholarsportal.info/uri/ebooks/ebooks2/pda/2011-12-01/1/11379.9781405106757
Portfolio,'53111894130005159',http://proxy.lib.trentu.ca/login?url=http://books.scholarsportal.info/uri/ebooks/ebooks2/pda/2011-12-01/1/7658.0520235274
Portfolio,'53111894030005159',http://proxy.lib.trentu.ca/login?url=http://books.scholarsportal.info/uri/ebooks/ebooks2/pda/2011-12-01/1/10261.9781405132534
Portfolio,'53111892510005159',http://proxy.lib.trentu.ca/login?url=http://books.scholarsportal.info/uri/ebooks/ebooks2/pda/2011-12-01/1/10734.9781929629046
Portfolio,'53111893090005159',http://proxy.lib.trentu.ca/login?url=http://books.scholarsportal.info/uri/ebooks/ebooks2/pda/2011-12-01/1/13562.9781444301434
Portfolio,'53111893390005159',http://proxy.lib.trentu.ca/login?url=http://books.scholarsportal.info/uri/ebooks/ebooks2/pda/2011-12-01/1/15261.9780761972877
Portfolio,'53111893690005159',http://proxy.lib.trentu.ca/login?url=http://books.scholarsportal.info/uri/ebooks/ebooks2/pda/2011-12-01/1/12752.9781606231586
Portfolio,'53111892850005159',http://proxy.lib.trentu.ca/login?url=http://books.scholarsportal.info/uri/ebooks/ebooks2/pda/2011-12-01/1/14785.0071702857
Portfolio,'53111892890005159',http://proxy.lib.trentu.ca/login?url=http://books.scholarsportal.info/uri/ebooks/ebooks2/pda/2011-12-01/1/14603.9781412945158
Portfolio,'53111892410005159',http://proxy.lib.trentu.ca/login?url=http://books.scholarsportal.info/uri/ebooks/ebooks2/pda/2011-12-01/1/11980.9781848130470
Portfolio,'53111892290005159',http://proxy.lib.trentu.ca/login?url=http://books.scholarsportal.info/uri/ebooks/ebooks2/pda/2011-12-01/1/15087.9780470579633
Portfolio,'53111892970005159',http://proxy.lib.trentu.ca/login?url=http://books.scholarsportal.info/uri/ebooks/ebooks2/pda/2011-12-01/1/15287.9780470585153
Portfolio,'53111893450005159',http://proxy.lib.trentu.ca/login?url=http://books.scholarsportal.info/uri/ebooks/ebooks2/pda/2011-12-01/1/13728.9783527627493
Portfolio,'53111893790005159',http://proxy.lib.trentu.ca/login?url=http://books.scholarsportal.info/uri/ebooks/ebooks2/pda/2011-12-01/1/15197.9781444319897
Portfolio,'53111893830005159',http://proxy.lib.trentu.ca/login?url=http://books.scholarsportal.info/uri/ebooks/ebooks2/pda/2011-12-01/1/9414.0-387-21848-3_Book_1
Portfolio,'53111893190005159',http://proxy.lib.trentu.ca/login?url=http://books.scholarsportal.info/uri/ebooks/ebooks2/pda/2011-12-01/1/15249.9780226520759
Portfolio,'53111893930005159',http://proxy.lib.trentu.ca/login?url=http://books.scholarsportal.info/uri/ebooks/ebooks2/pda/2011-12-01/1/13563.9783527614967
Portfolio,'53111893110005159',http://proxy.lib.trentu.ca/login?url=http://books.scholarsportal.info/uri/ebooks/ebooks2/pda/2011-12-01/1/9810.075065693X
Portfolio,'53111892950005159',http://proxy.lib.trentu.ca/login?url=http://books.scholarsportal.info/uri/ebooks/ebooks2/pda/2011-12-01/1/11379.9781405119412
Portfolio,'53111894210005159',http://proxy.lib.trentu.ca/login?url=http://books.scholarsportal.info/uri/ebooks/ebooks2/pda/2011-12-01/1/13563.9783527616985
Portfolio,'53111893270005159',http://proxy.lib.trentu.ca/login?url=http://books.scholarsportal.info/uri/ebooks/ebooks2/pda/2011-12-01/1/12619.9780230608924
Portfolio,'53111892750005159',http://proxy.lib.trentu.ca/login?url=http://books.scholarsportal.info/uri/ebooks/ebooks2/pda/2011-12-01/1/10549.1593855281
Portfolio,'53111893050005159',http://proxy.lib.trentu.ca/login?url=http://books.scholarsportal.info/uri/ebooks/ebooks2/pda/2011-12-01/1/10999.159385661X
Portfolio,'53111893770005159',http://proxy.lib.trentu.ca/login?url=http://books.scholarsportal.info/uri/ebooks/ebooks2/pda/2011-12-01/1/13558.9780470695913
Portfolio,'53111892310005159',http://proxy.lib.trentu.ca/login?url=http://books.scholarsportal.info/uri/ebooks/ebooks2/pda/2011-12-01/1/12369.9781405178464
Portfolio,'53111892610005159',http://proxy.lib.trentu.ca/login?url=http://books.scholarsportal.info/uri/ebooks/ebooks2/pda/2011-12-01/1/10549.159385532X
Portfolio,'53111892630005159',http://proxy.lib.trentu.ca/login?url=http://books.scholarsportal.info/uri/ebooks/ebooks2/pda/2011-12-01/1/10693.9781593856243
Portfolio,'53111893990005159',http://proxy.lib.trentu.ca/login?url=http://books.scholarsportal.info/uri/ebooks/ebooks2/pda/2011-12-01/1/11149.9781558605886
Portfolio,'53111892430005159',http://proxy.lib.trentu.ca/login?url=http://books.scholarsportal.info/uri/ebooks/ebooks2/pda/2011-12-01/1/12995.9781444302769
Portfolio,'53111892810005159',http://proxy.lib.trentu.ca/login?url=http://books.scholarsportal.info/uri/ebooks/ebooks2/pda/2011-12-01/1/11628.9781593856946
Portfolio,'53111892990005159',http://proxy.lib.trentu.ca/login?url=http://books.scholarsportal.info/uri/ebooks/ebooks2/pda/2011-12-01/1/8364.0851999816
Portfolio,'53111893010005159',http://proxy.lib.trentu.ca/login?url=http://books.scholarsportal.info/uri/ebooks/ebooks2/pda/2011-12-01/1/7982.0071442766
Portfolio,'53111893810005159',http://proxy.lib.trentu.ca/login?url=http://books.scholarsportal.info/uri/ebooks/ebooks2/pda/2011-12-01/1/7977.0851995977
Portfolio,'53111892470005159',http://proxy.lib.trentu.ca/login?url=http://books.scholarsportal.info/uri/ebooks/ebooks2/pda/2011-12-01/1/15282.9780226044521
Portfolio,'53111893670005159',http://proxy.lib.trentu.ca/login?url=http://books.scholarsportal.info/uri/ebooks/ebooks2/pda/2011-12-01/1/13562.9783527604319
Portfolio,'53111892350005159',http://proxy.lib.trentu.ca/login?url=http://books.scholarsportal.info/uri/ebooks/ebooks2/pda/2011-12-01/1/8243.0520241290
Portfolio,'53111893750005159',http://proxy.lib.trentu.ca/login?url=http://books.scholarsportal.info/uri/ebooks/ebooks2/pda/2011-12-01/1/15197.9780470617533
Portfolio,'53111892250005159',http://proxy.lib.trentu.ca/login?url=http://books.scholarsportal.info/uri/ebooks/ebooks2/pda/2011-12-01/1/12445.9781412907620
Portfolio,'53111893290005159',http://proxy.lib.trentu.ca/login?url=http://books.scholarsportal.info/uri/ebooks/ebooks2/pda/2011-12-01/1/8698.0761948899
Portfolio,'53111892530005159',http://proxy.lib.trentu.ca/login?url=http://books.scholarsportal.info/uri/ebooks/ebooks2/pda/2011-12-01/1/12016.9780470691281
Portfolio,'53111893530005159',http://proxy.lib.trentu.ca/login?url=http://books.scholarsportal.info/uri/ebooks/ebooks2/pda/2011-12-01/1/5864.0071383522
Portfolio,'53111893970005159',http://proxy.lib.trentu.ca/login?url=http://books.scholarsportal.info/uri/ebooks/ebooks2/pda/2011-12-01/1/11379.9781405121194
Portfolio,'53111893150005159',http://proxy.lib.trentu.ca/login?url=http://books.scholarsportal.info/uri/ebooks/ebooks2/pda/2011-12-01/1/14861.9780470615713
Portfolio,'53111894170005159',http://proxy.lib.trentu.ca/login?url=http://books.scholarsportal.info/uri/ebooks/ebooks2/pda/2011-12-01/1/12619.9780230511347
Portfolio,'53111892370005159',http://proxy.lib.trentu.ca/login?url=http://books.scholarsportal.info/uri/ebooks/ebooks2/pda/2011-12-01/1/8698.0803975562
Portfolio,'53111893950005159',http://proxy.lib.trentu.ca/login?url=http://books.scholarsportal.info/uri/ebooks/ebooks2/pda/2011-12-01/1/13559.9780470997246
Portfolio,'53111893590005159',http://proxy.lib.trentu.ca/login?url=http://books.scholarsportal.info/uri/ebooks/ebooks2/pda/2011-12-01/1/8195.0851994636
Portfolio,'53111894090005159',http://proxy.lib.trentu.ca/login?url=http://books.scholarsportal.info/uri/ebooks/ebooks2/pda/2011-12-01/1/9800.0071483373
Portfolio,'53111893310005159',http://proxy.lib.trentu.ca/login?url=http://books.scholarsportal.info/uri/ebooks/ebooks2/pda/2011-12-01/1/12439.9781845934590
Portfolio,'53111893430005159',http://proxy.lib.trentu.ca/login?url=http://books.scholarsportal.info/uri/ebooks/ebooks2/pda/2011-12-01/1/6252.0071387730
Portfolio,'53111893550005159',http://proxy.lib.trentu.ca/login?url=http://books.scholarsportal.info/uri/ebooks/ebooks2/pda/2011-12-01/1/14898.9781400825271
Portfolio,'53111892570005159',http://proxy.lib.trentu.ca/login?url=http://books.scholarsportal.info/uri/ebooks/ebooks2/pda/2011-12-01/1/8523.0520243064
Portfolio,'53111894050005159',http://proxy.lib.trentu.ca/login?url=http://books.scholarsportal.info/uri/ebooks/ebooks2/pda/2011-12-01/1/8243.0520243811
Portfolio,'53111892550005159',http://proxy.lib.trentu.ca/login?url=http://books.scholarsportal.info/uri/ebooks/ebooks2/pda/2011-12-01/1/8698.0761974040
Portfolio,'53111892670005159',http://proxy.lib.trentu.ca/login?url=http://books.scholarsportal.info/uri/ebooks/ebooks2/pda/2011-12-01/1/14214.9781444318357
Portfolio,'53111892710005159',http://proxy.lib.trentu.ca/login?url=http://books.scholarsportal.info/uri/ebooks/ebooks2/pda/2011-12-01/1/12639.9780230593404
Portfolio,'53111892910005159',http://proxy.lib.trentu.ca/login?url=http://books.scholarsportal.info/uri/ebooks/ebooks2/pda/2011-12-01/1/7995.1591404614-1
Portfolio,'53111892450005159',http://proxy.lib.trentu.ca/login?url=http://books.scholarsportal.info/uri/ebooks/ebooks2/pda/2011-12-01/1/9735.0071483446
Portfolio,'53111893030005159',http://proxy.lib.trentu.ca/login?url=http://books.scholarsportal.info/uri/ebooks/ebooks2/pda/2011-12-01/1/7877.0520230582
Portfolio,'53111894230005159',http://proxy.lib.trentu.ca/login?url=http://books.scholarsportal.info/uri/ebooks/ebooks2/pda/2011-12-01/1/10261.9781405135306
Portfolio,'53111893230005159',http://proxy.lib.trentu.ca/login?url=http://books.scholarsportal.info/uri/ebooks/ebooks2/pda/2011-12-01/1/8698.0761961534
Portfolio,'53111893570005159',http://proxy.lib.trentu.ca/login?url=http://books.scholarsportal.info/uri/ebooks/ebooks2/pda/2011-12-01/1/14994.9781400830299
Portfolio,'53111892650005159',http://proxy.lib.trentu.ca/login?url=http://books.scholarsportal.info/uri/ebooks/ebooks2/pda/2011-12-01/1/15287.9780470583401
Portfolio,'53111888670005159',http://proxy.lib.trentu.ca/login?url=http://books.scholarsportal.info/uri/ebooks/ebooks2/pda/2011-12-01/1/12094.0071621199
Portfolio,'53111888930005159',http://proxy.lib.trentu.ca/login?url=http://books.scholarsportal.info/uri/ebooks/ebooks2/pda/2011-12-01/1/14507.0071701974
Portfolio,'53111888470005159',http://proxy.lib.trentu.ca/login?url=http://books.scholarsportal.info/uri/ebooks/ebooks2/pda/2011-12-01/1/11909.9780470226766
Portfolio,'53111888090005159',http://proxy.lib.trentu.ca/login?url=http://books.scholarsportal.info/uri/ebooks/ebooks2/pda/2011-12-01/1/13569.9780787988203
Portfolio,'53111889470005159',http://proxy.lib.trentu.ca/login?url=http://books.scholarsportal.info/uri/ebooks/ebooks2/pda/2011-12-01/1/14566.9780470371220
Portfolio,'53111888790005159',http://proxy.lib.trentu.ca/login?url=http://books.scholarsportal.info/uri/ebooks/ebooks2/pda/2011-12-01/1/11149.9780240809670
Portfolio,'53111889330005159',http://proxy.lib.trentu.ca/login?url=http://books.scholarsportal.info/uri/ebooks/ebooks2/pda/2011-12-01/1/11539.0071593233
Portfolio,'53111889390005159',http://proxy.lib.trentu.ca/login?url=http://books.scholarsportal.info/uri/ebooks/ebooks2/pda/2011-12-01/1/12995.9780470140444
Portfolio,'53111888650005159',http://proxy.lib.trentu.ca/login?url=http://books.scholarsportal.info/uri/ebooks/ebooks2/pda/2011-12-01/1/5864.0071383522
Portfolio,'53111888310005159',http://proxy.lib.trentu.ca/login?url=http://books.scholarsportal.info/uri/ebooks/ebooks2/pda/2011-12-01/1/12688.9780226071657
Portfolio,'53111888350005159',http://proxy.lib.trentu.ca/login?url=http://books.scholarsportal.info/uri/ebooks/ebooks2/pda/2011-12-01/1/10456.0122386620
Portfolio,'53111888550005159',http://proxy.lib.trentu.ca/login?url=http://books.scholarsportal.info/uri/ebooks/ebooks2/pda/2011-12-01/1/7103.0071406077
Portfolio,'53111889930005159',http://proxy.lib.trentu.ca/login?url=http://books.scholarsportal.info/uri/ebooks/ebooks2/pda/2011-12-01/1/10456.0750663200
Portfolio,'53111888030005159',http://proxy.lib.trentu.ca/login?url=http://books.scholarsportal.info/uri/ebooks/ebooks2/pda/2011-12-01/1/12207.9780470999097
Portfolio,'53111888530005159',http://proxy.lib.trentu.ca/login?url=http://books.scholarsportal.info/uri/ebooks/ebooks2/pda/2011-12-01/1/10066.0750681543
Portfolio,'53111888410005159',http://proxy.lib.trentu.ca/login?url=http://books.scholarsportal.info/uri/ebooks/ebooks2/pda/2011-12-01/1/13565.9780470055458
Portfolio,'53111888490005159',http://proxy.lib.trentu.ca/login?url=http://books.scholarsportal.info/uri/ebooks/ebooks2/pda/2011-12-01/1/12688.9780226772448
Portfolio,'53111888070005159',http://proxy.lib.trentu.ca/login?url=http://books.scholarsportal.info/uri/ebooks/ebooks2/pda/2011-12-01/1/12995.9780787996017
Portfolio,'53111888990005159',http://proxy.lib.trentu.ca/login?url=http://books.scholarsportal.info/uri/ebooks/ebooks2/pda/2011-12-01/1/13559.9780470994528
Portfolio,'53111889730005159',http://proxy.lib.trentu.ca/login?url=http://books.scholarsportal.info/uri/ebooks/ebooks2/pda/2011-12-01/1/14371.9781400829101
Portfolio,'53111889310005159',http://proxy.lib.trentu.ca/login?url=http://books.scholarsportal.info/uri/ebooks/ebooks2/pda/2011-12-01/1/13557.9780470374436
Portfolio,'53111889350005159',http://proxy.lib.trentu.ca/login?url=http://books.scholarsportal.info/uri/ebooks/ebooks2/pda/2011-12-01/1/13557.9780470378298
Portfolio,'53111888890005159',http://proxy.lib.trentu.ca/login?url=http://books.scholarsportal.info/uri/ebooks/ebooks2/pda/2011-12-01/1/11825.9780754690856
Portfolio,'53111888010005159',http://proxy.lib.trentu.ca/login?url=http://books.scholarsportal.info/uri/ebooks/ebooks2/pda/2011-12-01/1/14076.9781444313697
Portfolio,'53111889630005159',http://proxy.lib.trentu.ca/login?url=http://books.scholarsportal.info/uri/ebooks/ebooks2/pda/2011-12-01/1/13560.9780471461135
Portfolio,'53111888830005159',http://proxy.lib.trentu.ca/login?url=http://books.scholarsportal.info/uri/ebooks/ebooks2/pda/2011-12-01/1/13562.9781444305876
Portfolio,'53111889430005159',http://proxy.lib.trentu.ca/login?url=http://books.scholarsportal.info/uri/ebooks/ebooks2/pda/2011-12-01/1/10123.063122601X
Portfolio,'53111888370005159',http://proxy.lib.trentu.ca/login?url=http://books.scholarsportal.info/uri/ebooks/ebooks2/pda/2011-12-01/1/13268.9780691138725
Portfolio,'53111889170005159',http://proxy.lib.trentu.ca/login?url=http://books.scholarsportal.info/uri/ebooks/ebooks2/pda/2011-12-01/1/13560.9780471265405
Portfolio,'53111888390005159',http://proxy.lib.trentu.ca/login?url=http://books.scholarsportal.info/uri/ebooks/ebooks2/pda/2011-12-01/1/13573.9780470501221
Portfolio,'53111889530005159',http://proxy.lib.trentu.ca/login?url=http://books.scholarsportal.info/uri/ebooks/ebooks2/pda/2011-12-01/1/12630.9780470395981
Portfolio,'53111889050005159',http://proxy.lib.trentu.ca/login?url=http://books.scholarsportal.info/uri/ebooks/ebooks2/pda/2011-12-01/1/14565.9780470409909
Portfolio,'53111889230005159',http://proxy.lib.trentu.ca/login?url=http://books.scholarsportal.info/uri/ebooks/ebooks2/pda/2011-12-01/1/12921.9780471680192
Portfolio,'53111889070005159',http://proxy.lib.trentu.ca/login?url=http://books.scholarsportal.info/uri/ebooks/ebooks2/pda/2011-12-01/1/13559.9780470849392
Portfolio,'53111888190005159',http://proxy.lib.trentu.ca/login?url=http://books.scholarsportal.info/uri/ebooks/ebooks2/pda/2011-12-01/1/12495.0071642935
Portfolio,'53111888330005159',http://proxy.lib.trentu.ca/login?url=http://books.scholarsportal.info/uri/ebooks/ebooks2/pda/2011-12-01/1/10456.0123875846
Portfolio,'53111888750005159',http://proxy.lib.trentu.ca/login?url=http://books.scholarsportal.info/uri/ebooks/ebooks2/pda/2011-12-01/1/7566.0071414223
Portfolio,'53111889590005159',http://proxy.lib.trentu.ca/login?url=http://books.scholarsportal.info/uri/ebooks/ebooks2/pda/2011-12-01/1/14562.9780470751688
Portfolio,'53111888290005159',http://proxy.lib.trentu.ca/login?url=http://books.scholarsportal.info/uri/ebooks/ebooks2/pda/2011-12-01/1/13567.9780471214397
Portfolio,'53111889110005159',http://proxy.lib.trentu.ca/login?url=http://books.scholarsportal.info/uri/ebooks/ebooks2/pda/2011-12-01/1/13572.9780470480472
Portfolio,'53111888270005159',http://proxy.lib.trentu.ca/login?url=http://books.scholarsportal.info/uri/ebooks/ebooks2/pda/2011-12-01/1/12995.9780470192566
Portfolio,'53111889010005159',http://proxy.lib.trentu.ca/login?url=http://books.scholarsportal.info/uri/ebooks/ebooks2/pda/2011-12-01/1/10613.9780262083461
Portfolio,'53111889710005159',http://proxy.lib.trentu.ca/login?url=http://books.scholarsportal.info/uri/ebooks/ebooks2/pda/2011-12-01/1/13568.9780471744139
Portfolio,'53111889370005159',http://proxy.lib.trentu.ca/login?url=http://books.scholarsportal.info/uri/ebooks/ebooks2/pda/2011-12-01/1/10786.9780080447193
Portfolio,'53111888590005159',http://proxy.lib.trentu.ca/login?url=http://books.scholarsportal.info/uri/ebooks/ebooks2/pda/2011-12-01/1/13558.9780470512487
Portfolio,'53111888970005159',http://proxy.lib.trentu.ca/login?url=http://books.scholarsportal.info/uri/ebooks/ebooks2/pda/2011-12-01/1/12957.9780485300697
Portfolio,'53111889770005159',http://proxy.lib.trentu.ca/login?url=http://books.scholarsportal.info/uri/ebooks/ebooks2/pda/2011-12-01/1/10533.0851993915
Portfolio,'53111888430005159',http://proxy.lib.trentu.ca/login?url=http://books.scholarsportal.info/uri/ebooks/ebooks2/pda/2011-12-01/1/12359.9780567080899
Portfolio,'53111889290005159',http://proxy.lib.trentu.ca/login?url=http://books.scholarsportal.info/uri/ebooks/ebooks2/pda/2011-12-01/1/10594.0125249756
Portfolio,'53111888770005159',http://proxy.lib.trentu.ca/login?url=http://books.scholarsportal.info/uri/ebooks/ebooks2/pda/2011-12-01/1/13573.9780470451687
Portfolio,'53111889970005159',http://proxy.lib.trentu.ca/login?url=http://books.scholarsportal.info/uri/ebooks/ebooks2/pda/2011-12-01/1/11967.9780444515582
Portfolio,'53111889550005159',http://proxy.lib.trentu.ca/login?url=http://books.scholarsportal.info/uri/ebooks/ebooks2/pda/2011-12-01/1/13562.9780787971793
Portfolio,'53111889990005159',http://proxy.lib.trentu.ca/login?url=http://books.scholarsportal.info/uri/ebooks/ebooks2/pda/2011-12-01/1/12921.9780764597008
Portfolio,'53111889830005159',http://proxy.lib.trentu.ca/login?url=http://books.scholarsportal.info/uri/ebooks/ebooks2/pda/2011-12-01/1/13898.9780230228764
Portfolio,'53111888510005159',http://proxy.lib.trentu.ca/login?url=http://books.scholarsportal.info/uri/ebooks/ebooks2/pda/2011-12-01/1/12016.9780470066430
Portfolio,'53111889790005159',http://proxy.lib.trentu.ca/login?url=http://books.scholarsportal.info/uri/ebooks/ebooks2/pda/2011-12-01/1/10613.9780262693226
Portfolio,'53111889210005159',http://proxy.lib.trentu.ca/login?url=http://books.scholarsportal.info/uri/ebooks/ebooks2/pda/2011-12-01/1/11936.9780262531993
Portfolio,'53111889150005159',http://proxy.lib.trentu.ca/login?url=http://books.scholarsportal.info/uri/ebooks/ebooks2/pda/2011-12-01/1/11824.0826477933
Portfolio,'53111889890005159',http://proxy.lib.trentu.ca/login?url=http://books.scholarsportal.info/uri/ebooks/ebooks2/pda/2011-12-01/1/10651.9780750657396
Portfolio,'53111889510005159',http://proxy.lib.trentu.ca/login?url=http://books.scholarsportal.info/uri/ebooks/ebooks2/pda/2011-12-01/1/10066.0750679824
Portfolio,'53111889950005159',http://proxy.lib.trentu.ca/login?url=http://books.scholarsportal.info/uri/ebooks/ebooks2/pda/2011-12-01/1/11824.0826479022
Portfolio,'53111888910005159',http://proxy.lib.trentu.ca/login?url=http://books.scholarsportal.info/uri/ebooks/ebooks2/pda/2011-12-01/1/14501.9780240811598
Portfolio,'53111888570005159',http://proxy.lib.trentu.ca/login?url=http://books.scholarsportal.info/uri/ebooks/ebooks2/pda/2011-12-01/1/14674.9780470556993
Portfolio,'53111889810005159',http://proxy.lib.trentu.ca/login?url=http://books.scholarsportal.info/uri/ebooks/ebooks2/pda/2011-12-01/1/13572.9781444310993
Portfolio,'53111888150005159',http://proxy.lib.trentu.ca/login?url=http://books.scholarsportal.info/uri/ebooks/ebooks2/pda/2011-12-01/1/14017.9780226993386
Portfolio,'53111888230005159',http://proxy.lib.trentu.ca/login?url=http://books.scholarsportal.info/uri/ebooks/ebooks2/pda/2011-12-01/1/10236.0123739985
Portfolio,'53111888630005159',http://proxy.lib.trentu.ca/login?url=http://books.scholarsportal.info/uri/ebooks/ebooks2/pda/2011-12-01/1/12824.9780470773161
Portfolio,'53111888710005159',http://proxy.lib.trentu.ca/login?url=http://books.scholarsportal.info/uri/ebooks/ebooks2/pda/2011-12-01/1/13558.9780470502181
Portfolio,'53111888170005159',http://proxy.lib.trentu.ca/login?url=http://books.scholarsportal.info/uri/ebooks/ebooks2/pda/2011-12-01/1/11416.9780754682516
Portfolio,'53111889670005159',http://proxy.lib.trentu.ca/login?url=http://books.scholarsportal.info/uri/ebooks/ebooks2/pda/2011-12-01/1/13557.9780470386354
Portfolio,'53111889450005159',http://proxy.lib.trentu.ca/login?url=http://books.scholarsportal.info/uri/ebooks/ebooks2/pda/2011-12-01/1/10066.0750680377
Portfolio,'53111888690005159',http://proxy.lib.trentu.ca/login?url=http://books.scholarsportal.info/uri/ebooks/ebooks2/pda/2011-12-01/1/10674.0071501207
Portfolio,'53111888950005159',http://proxy.lib.trentu.ca/login?url=http://books.scholarsportal.info/uri/ebooks/ebooks2/pda/2011-12-01/1/14410.9780470550175
Portfolio,'53111888210005159',http://proxy.lib.trentu.ca/login?url=http://books.scholarsportal.info/uri/ebooks/ebooks2/pda/2011-12-01/1/13826.9781400827596
Portfolio,'53111889190005159',http://proxy.lib.trentu.ca/login?url=http://books.scholarsportal.info/uri/ebooks/ebooks2/pda/2011-12-01/1/14745.0071713700
Portfolio,'53111889030005159',http://proxy.lib.trentu.ca/login?url=http://books.scholarsportal.info/uri/ebooks/ebooks2/pda/2011-12-01/1/10588.9780127625331
Portfolio,'53111888730005159',http://proxy.lib.trentu.ca/login?url=http://books.scholarsportal.info/uri/ebooks/ebooks2/pda/2011-12-01/1/10123.0631228993
Portfolio,'53111889570005159',http://proxy.lib.trentu.ca/login?url=http://books.scholarsportal.info/uri/ebooks/ebooks2/pda/2011-12-01/1/11834.0071643141
Portfolio,'53111888850005159',http://proxy.lib.trentu.ca/login?url=http://books.scholarsportal.info/uri/ebooks/ebooks2/pda/2011-12-01/1/10613.9780262201636
Portfolio,'53111888810005159',http://proxy.lib.trentu.ca/login?url=http://books.scholarsportal.info/uri/ebooks/ebooks2/pda/2011-12-01/1/11865.9780262134217
Portfolio,'53111888250005159',http://proxy.lib.trentu.ca/login?url=http://books.scholarsportal.info/uri/ebooks/ebooks2/pda/2011-12-01/1/13830.007162404X
Portfolio,'53111889610005159',http://proxy.lib.trentu.ca/login?url=http://books.scholarsportal.info/uri/ebooks/ebooks2/pda/2011-12-01/1/12995.9780470117392
Portfolio,'53111889410005159',http://proxy.lib.trentu.ca/login?url=http://books.scholarsportal.info/uri/ebooks/ebooks2/pda/2011-12-01/1/10613.9780262693226
Portfolio,'53111889490005159',http://proxy.lib.trentu.ca/login?url=http://books.scholarsportal.info/uri/ebooks/ebooks2/pda/2011-12-01/1/14119.0071624279
Portfolio,'53111889130005159',http://proxy.lib.trentu.ca/login?url=http://books.scholarsportal.info/uri/ebooks/ebooks2/pda/2011-12-01/1/13556.9780470195437
Portfolio,'53111889870005159',http://proxy.lib.trentu.ca/login?url=http://books.scholarsportal.info/uri/ebooks/ebooks2/pda/2011-12-01/1/13562.9780787973438
Portfolio,'53111888450005159',http://proxy.lib.trentu.ca/login?url=http://books.scholarsportal.info/uri/ebooks/ebooks2/pda/2011-12-01/1/10236.0125980620
Portfolio,'53111889270005159',http://proxy.lib.trentu.ca/login?url=http://books.scholarsportal.info/uri/ebooks/ebooks2/pda/2011-12-01/1/13898.9780230584006
Portfolio,'53111888050005159',http://proxy.lib.trentu.ca/login?url=http://books.scholarsportal.info/uri/ebooks/ebooks2/pda/2011-12-01/1/12445.9780761974765
Portfolio,'53111888110005159',http://proxy.lib.trentu.ca/login?url=http://books.scholarsportal.info/uri/ebooks/ebooks2/pda/2011-12-01/1/12983.9780226264189
Portfolio,'53111889850005159',http://proxy.lib.trentu.ca/login?url=http://books.scholarsportal.info/uri/ebooks/ebooks2/pda/2011-12-01/1/12174.0071590390
Portfolio,'53111889910005159',http://proxy.lib.trentu.ca/login?url=http://books.scholarsportal.info/uri/ebooks/ebooks2/pda/2011-12-01/1/13558.9780470512869
Portfolio,'53111888610005159',http://proxy.lib.trentu.ca/login?url=http://books.scholarsportal.info/uri/ebooks/ebooks2/pda/2011-12-01/1/13233.0071601155
Portfolio,'53111888870005159',http://proxy.lib.trentu.ca/login?url=http://books.scholarsportal.info/uri/ebooks/ebooks2/pda/2011-12-01/1/14781.9780470552636
Portfolio,'53111889090005159',http://proxy.lib.trentu.ca/login?url=http://books.scholarsportal.info/uri/ebooks/ebooks2/pda/2011-12-01/1/13568.9780471748816
Portfolio,'53111889250005159',http://proxy.lib.trentu.ca/login?url=http://books.scholarsportal.info/uri/ebooks/ebooks2/pda/2011-12-01/1/11379.9780631226536
Portfolio,'53111889690005159',http://proxy.lib.trentu.ca/login?url=http://books.scholarsportal.info/uri/ebooks/ebooks2/pda/2011-12-01/1/12630.9780470395967
Portfolio,'53111889650005159',http://proxy.lib.trentu.ca/login?url=http://books.scholarsportal.info/uri/ebooks/ebooks2/pda/2011-12-01/1/11865.9780262140775
Portfolio,'53111888130005159',http://proxy.lib.trentu.ca/login?url=http://books.scholarsportal.info/uri/ebooks/ebooks2/pda/2011-12-01/1/14076.9780470527207
Portfolio,'53111889750005159',http://proxy.lib.trentu.ca/login?url=http://books.scholarsportal.info/uri/ebooks/ebooks2/pda/2011-12-01/1/13566.9780470863541
Portfolio,'53111892130005159',http://proxy.lib.trentu.ca/login?url=http://books.scholarsportal.info/uri/ebooks/ebooks2/pda/2011-12-01/1/15331.9780470609149
Portfolio,'53111890170005159',http://proxy.lib.trentu.ca/login?url=http://books.scholarsportal.info/uri/ebooks/ebooks2/pda/2011-12-01/1/11379.9780631228790
Portfolio,'53111891810005159',http://proxy.lib.trentu.ca/login?url=http://books.scholarsportal.info/uri/ebooks/ebooks2/pda/2011-12-01/1/13565.9780470031681
Portfolio,'53111890830005159',http://proxy.lib.trentu.ca/login?url=http://books.scholarsportal.info/uri/ebooks/ebooks2/pda/2011-12-01/1/13555.9780470061664
Portfolio,'53111891710005159',http://proxy.lib.trentu.ca/login?url=http://books.scholarsportal.info/uri/ebooks/ebooks2/pda/2011-12-01/1/9292.0764597019
Portfolio,'53111890770005159',http://proxy.lib.trentu.ca/login?url=http://books.scholarsportal.info/uri/ebooks/ebooks2/pda/2011-12-01/1/14596.9780470682890
Portfolio,'53111890550005159',http://proxy.lib.trentu.ca/login?url=http://books.scholarsportal.info/uri/ebooks/ebooks2/pda/2011-12-01/1/10456.0120884003
Portfolio,'53111890630005159',http://proxy.lib.trentu.ca/login?url=http://books.scholarsportal.info/uri/ebooks/ebooks2/pda/2011-12-01/1/13556.9780470165188
Portfolio,'53111890190005159',http://proxy.lib.trentu.ca/login?url=http://books.scholarsportal.info/uri/ebooks/ebooks2/pda/2011-12-01/1/13138.9780123742148
Portfolio,'53111890450005159',http://proxy.lib.trentu.ca/login?url=http://books.scholarsportal.info/uri/ebooks/ebooks2/pda/2011-12-01/1/12921.9780471723714
Portfolio,'53111890490005159',http://proxy.lib.trentu.ca/login?url=http://books.scholarsportal.info/uri/ebooks/ebooks2/pda/2011-12-01/1/12619.9780230554429
Portfolio,'53111890310005159',http://proxy.lib.trentu.ca/login?url=http://books.scholarsportal.info/uri/ebooks/ebooks2/pda/2011-12-01/1/11855.9780470241028
Portfolio,'53111892050005159',http://proxy.lib.trentu.ca/login?url=http://books.scholarsportal.info/uri/ebooks/ebooks2/pda/2011-12-01/1/9934.9780816648030
Portfolio,'53111891150005159',http://proxy.lib.trentu.ca/login?url=http://books.scholarsportal.info/uri/ebooks/ebooks2/pda/2011-12-01/1/12399.9780567027719
Portfolio,'53111891990005159',http://proxy.lib.trentu.ca/login?url=http://books.scholarsportal.info/uri/ebooks/ebooks2/pda/2011-12-01/1/12365.9781405157292
Portfolio,'53111891790005159',http://proxy.lib.trentu.ca/login?url=http://books.scholarsportal.info/uri/ebooks/ebooks2/pda/2011-12-01/1/15157.9780226713465
Portfolio,'53111891270005159',http://proxy.lib.trentu.ca/login?url=http://books.scholarsportal.info/uri/ebooks/ebooks2/pda/2011-12-01/1/13555.9780470080481
Portfolio,'53111890250005159',http://proxy.lib.trentu.ca/login?url=http://books.scholarsportal.info/uri/ebooks/ebooks2/pda/2011-12-01/1/12975.9780230582576
Portfolio,'53111890110005159',http://proxy.lib.trentu.ca/login?url=http://books.scholarsportal.info/uri/ebooks/ebooks2/pda/2011-12-01/1/14380.9780470684375
Portfolio,'53111890050005159',http://proxy.lib.trentu.ca/login?url=http://books.scholarsportal.info/uri/ebooks/ebooks2/pda/2011-12-01/1/11379.9781405106757
Portfolio,'53111890650005159',http://proxy.lib.trentu.ca/login?url=http://books.scholarsportal.info/uri/ebooks/ebooks2/pda/2011-12-01/1/10873.9780123735805
Portfolio,'53111891670005159',http://proxy.lib.trentu.ca/login?url=http://books.scholarsportal.info/uri/ebooks/ebooks2/pda/2011-12-01/1/14750.9781444317183
Portfolio,'53111890070005159',http://proxy.lib.trentu.ca/login?url=http://books.scholarsportal.info/uri/ebooks/ebooks2/pda/2011-12-01/1/13557.9780470277973
Portfolio,'53111890010005159',http://proxy.lib.trentu.ca/login?url=http://books.scholarsportal.info/uri/ebooks/ebooks2/pda/2011-12-01/1/13560.9780471447221
Portfolio,'53111892090005159',http://proxy.lib.trentu.ca/login?url=http://books.scholarsportal.info/uri/ebooks/ebooks2/pda/2011-12-01/1/5372.0333660218
Portfolio,'53111890350005159',http://proxy.lib.trentu.ca/login?url=http://books.scholarsportal.info/uri/ebooks/ebooks2/pda/2011-12-01/1/12977.9780470423769
Portfolio,'53111891050005159',http://proxy.lib.trentu.ca/login?url=http://books.scholarsportal.info/uri/ebooks/ebooks2/pda/2011-12-01/1/14154.9780761942368
Portfolio,'53111890090005159',http://proxy.lib.trentu.ca/login?url=http://books.scholarsportal.info/uri/ebooks/ebooks2/pda/2011-12-01/1/13556.9780470178713
Portfolio,'53111891910005159',http://proxy.lib.trentu.ca/login?url=http://books.scholarsportal.info/uri/ebooks/ebooks2/pda/2011-12-01/1/8309.0071435875
Portfolio,'53111892030005159',http://proxy.lib.trentu.ca/login?url=http://books.scholarsportal.info/uri/ebooks/ebooks2/pda/2011-12-01/1/9292.0471656887
Portfolio,'53111891690005159',http://proxy.lib.trentu.ca/login?url=http://books.scholarsportal.info/uri/ebooks/ebooks2/pda/2011-12-01/1/15041.9780470682869
Portfolio,'53111891070005159',http://proxy.lib.trentu.ca/login?url=http://books.scholarsportal.info/uri/ebooks/ebooks2/pda/2011-12-01/1/14645.0071702032
Portfolio,'53111891170005159',http://proxy.lib.trentu.ca/login?url=http://books.scholarsportal.info/uri/ebooks/ebooks2/pda/2011-12-01/1/13557.9780470249093
Portfolio,'53111890470005159',http://proxy.lib.trentu.ca/login?url=http://books.scholarsportal.info/uri/ebooks/ebooks2/pda/2011-12-01/1/11379.0631219361
Portfolio,'53111891570005159',http://proxy.lib.trentu.ca/login?url=http://books.scholarsportal.info/uri/ebooks/ebooks2/pda/2011-12-01/1/9941.0750667540
Portfolio,'53111890290005159',http://proxy.lib.trentu.ca/login?url=http://books.scholarsportal.info/uri/ebooks/ebooks2/pda/2011-12-01/1/11764.9780761972235
Portfolio,'53111891090005159',http://proxy.lib.trentu.ca/login?url=http://books.scholarsportal.info/uri/ebooks/ebooks2/pda/2011-12-01/1/10930.9780262201681
Portfolio,'53111890430005159',http://proxy.lib.trentu.ca/login?url=http://books.scholarsportal.info/uri/ebooks/ebooks2/pda/2011-12-01/1/14507.0071627014
Portfolio,'53111890810005159',http://proxy.lib.trentu.ca/login?url=http://books.scholarsportal.info/uri/ebooks/ebooks2/pda/2011-12-01/1/13562.9780813803876
Portfolio,'53111891290005159',http://proxy.lib.trentu.ca/login?url=http://books.scholarsportal.info/uri/ebooks/ebooks2/pda/2011-12-01/1/12431.9780754693567
Portfolio,'53111891190005159',http://proxy.lib.trentu.ca/login?url=http://books.scholarsportal.info/uri/ebooks/ebooks2/pda/2011-12-01/1/12921.9780471722038
Portfolio,'53111891230005159',http://proxy.lib.trentu.ca/login?url=http://books.scholarsportal.info/uri/ebooks/ebooks2/pda/2011-12-01/1/10618.9780124192393
Portfolio,'53111891130005159',http://proxy.lib.trentu.ca/login?url=http://books.scholarsportal.info/uri/ebooks/ebooks2/pda/2011-12-01/1/13572.9780470473726
Portfolio,'53111891210005159',http://proxy.lib.trentu.ca/login?url=http://books.scholarsportal.info/uri/ebooks/ebooks2/pda/2011-12-01/1/10428.0121726517
Portfolio,'53111891970005159',http://proxy.lib.trentu.ca/login?url=http://books.scholarsportal.info/uri/ebooks/ebooks2/pda/2011-12-01/1/13562.9781444305678
Portfolio,'53111890850005159',http://proxy.lib.trentu.ca/login?url=http://books.scholarsportal.info/uri/ebooks/ebooks2/pda/2011-12-01/1/13569.9780787971267
Portfolio,'53111892010005159',http://proxy.lib.trentu.ca/login?url=http://books.scholarsportal.info/uri/ebooks/ebooks2/pda/2011-12-01/1/15287.9780470638170
Portfolio,'53111891250005159',http://proxy.lib.trentu.ca/login?url=http://books.scholarsportal.info/uri/ebooks/ebooks2/pda/2011-12-01/1/10734.9780124019553
Portfolio,'53111890970005159',http://proxy.lib.trentu.ca/login?url=http://books.scholarsportal.info/uri/ebooks/ebooks2/pda/2011-12-01/1/11539.0071596194
Portfolio,'53111891550005159',http://proxy.lib.trentu.ca/login?url=http://books.scholarsportal.info/uri/ebooks/ebooks2/pda/2011-12-01/1/11980.9781848131101
Portfolio,'53111890270005159',http://proxy.lib.trentu.ca/login?url=http://books.scholarsportal.info/uri/ebooks/ebooks2/pda/2011-12-01/1/10428.0120656043
Portfolio,'53111890950005159',http://proxy.lib.trentu.ca/login?url=http://books.scholarsportal.info/uri/ebooks/ebooks2/pda/2011-12-01/1/12410.9780470396292
Portfolio,'53111892210005159',http://proxy.lib.trentu.ca/login?url=http://books.scholarsportal.info/uri/ebooks/ebooks2/pda/2011-12-01/1/8698.0761941096
Portfolio,'53111890030005159',http://proxy.lib.trentu.ca/login?url=http://books.scholarsportal.info/uri/ebooks/ebooks2/pda/2011-12-01/1/13355.9780123745408
Portfolio,'53111890410005159',http://proxy.lib.trentu.ca/login?url=http://books.scholarsportal.info/uri/ebooks/ebooks2/pda/2011-12-01/1/14338.9780470438077
Portfolio,'53111891850005159',http://proxy.lib.trentu.ca/login?url=http://books.scholarsportal.info/uri/ebooks/ebooks2/pda/2011-12-01/1/9235.0750678488
Portfolio,'53111890530005159',http://proxy.lib.trentu.ca/login?url=http://books.scholarsportal.info/uri/ebooks/ebooks2/pda/2011-12-01/1/12016.9780470282045
Portfolio,'53111891110005159',http://proxy.lib.trentu.ca/login?url=http://books.scholarsportal.info/uri/ebooks/ebooks2/pda/2011-12-01/1/10236.0240520203
Portfolio,'53111891930005159',http://proxy.lib.trentu.ca/login?url=http://books.scholarsportal.info/uri/ebooks/ebooks2/pda/2011-12-01/1/15262.0071609105
Portfolio,'53111891010005159',http://proxy.lib.trentu.ca/login?url=http://books.scholarsportal.info/uri/ebooks/ebooks2/pda/2011-12-01/1/12231.0071590358
Portfolio,'53111891750005159',http://proxy.lib.trentu.ca/login?url=http://books.scholarsportal.info/uri/ebooks/ebooks2/pda/2011-12-01/1/15282.9780226895277
Portfolio,'53111890150005159',http://proxy.lib.trentu.ca/login?url=http://books.scholarsportal.info/uri/ebooks/ebooks2/pda/2011-12-01/1/13826.9781400825998
Portfolio,'53111890750005159',http://proxy.lib.trentu.ca/login?url=http://books.scholarsportal.info/uri/ebooks/ebooks2/pda/2011-12-01/1/10588.0120885085
Portfolio,'53111891650005159',http://proxy.lib.trentu.ca/login?url=http://books.scholarsportal.info/uri/ebooks/ebooks2/pda/2011-12-01/1/7566.0071414223
Portfolio,'53111890130005159',http://proxy.lib.trentu.ca/login?url=http://books.scholarsportal.info/uri/ebooks/ebooks2/pda/2011-12-01/1/13555.9780470032091
Portfolio,'53111890210005159',http://proxy.lib.trentu.ca/login?url=http://books.scholarsportal.info/uri/ebooks/ebooks2/pda/2011-12-01/1/14119.0071624279
Portfolio,'53111891590005159',http://proxy.lib.trentu.ca/login?url=http://books.scholarsportal.info/uri/ebooks/ebooks2/pda/2011-12-01/1/7313.0071413294
Portfolio,'53111890570005159',http://proxy.lib.trentu.ca/login?url=http://books.scholarsportal.info/uri/ebooks/ebooks2/pda/2011-12-01/1/13564.9780470157121
Portfolio,'53111891610005159',http://proxy.lib.trentu.ca/login?url=http://books.scholarsportal.info/uri/ebooks/ebooks2/pda/2011-12-01/1/10651.9781558608023
Portfolio,'53111890330005159',http://proxy.lib.trentu.ca/login?url=http://books.scholarsportal.info/uri/ebooks/ebooks2/pda/2011-12-01/1/13567.9780471481416
Portfolio,'53111891830005159',http://proxy.lib.trentu.ca/login?url=http://books.scholarsportal.info/uri/ebooks/ebooks2/pda/2011-12-01/1/10232.9781845931124
Portfolio,'53111891870005159',http://proxy.lib.trentu.ca/login?url=http://books.scholarsportal.info/uri/ebooks/ebooks2/pda/2011-12-01/1/8088.0071442952
Portfolio,'53111891630005159',http://proxy.lib.trentu.ca/login?url=http://books.scholarsportal.info/uri/ebooks/ebooks2/pda/2011-12-01/1/14549.9781856176910
Portfolio,'53111891890005159',http://proxy.lib.trentu.ca/login?url=http://books.scholarsportal.info/uri/ebooks/ebooks2/pda/2011-12-01/1/15041.9780470590249
Portfolio,'53111892170005159',http://proxy.lib.trentu.ca/login?url=http://books.scholarsportal.info/uri/ebooks/ebooks2/pda/2011-12-01/1/13570.9783527611058
Portfolio,'53111890890005159',http://proxy.lib.trentu.ca/login?url=http://books.scholarsportal.info/uri/ebooks/ebooks2/pda/2011-12-01/1/13557.9780470373439
Portfolio,'53111890230005159',http://proxy.lib.trentu.ca/login?url=http://books.scholarsportal.info/uri/ebooks/ebooks2/pda/2011-12-01/1/13560.9780471461418
Portfolio,'53111890510005159',http://proxy.lib.trentu.ca/login?url=http://books.scholarsportal.info/uri/ebooks/ebooks2/pda/2011-12-01/1/13561.9780471980599
Portfolio,'53111890990005159',http://proxy.lib.trentu.ca/login?url=http://books.scholarsportal.info/uri/ebooks/ebooks2/pda/2011-12-01/1/13034.9780816654918
Portfolio,'53111891030005159',http://proxy.lib.trentu.ca/login?url=http://books.scholarsportal.info/uri/ebooks/ebooks2/pda/2011-12-01/1/13562.9780787988210
Portfolio,'53111890710005159',http://proxy.lib.trentu.ca/login?url=http://books.scholarsportal.info/uri/ebooks/ebooks2/pda/2011-12-01/1/13567.9780470870358
Portfolio,'53111890590005159',http://proxy.lib.trentu.ca/login?url=http://books.scholarsportal.info/uri/ebooks/ebooks2/pda/2011-12-01/1/12207.9780470998939
Portfolio,'53111890610005159',http://proxy.lib.trentu.ca/login?url=http://books.scholarsportal.info/uri/ebooks/ebooks2/pda/2011-12-01/1/10689.9780750660976
Portfolio,'53111890790005159',http://proxy.lib.trentu.ca/login?url=http://books.scholarsportal.info/uri/ebooks/ebooks2/pda/2011-12-01/1/13562.9780787972660
Portfolio,'53111891730005159',http://proxy.lib.trentu.ca/login?url=http://books.scholarsportal.info/uri/ebooks/ebooks2/pda/2011-12-01/1/6234.0387989579
Portfolio,'53111890730005159',http://proxy.lib.trentu.ca/login?url=http://books.scholarsportal.info/uri/ebooks/ebooks2/pda/2011-12-01/1/12785.9780472021413
Portfolio,'53111890870005159',http://proxy.lib.trentu.ca/login?url=http://books.scholarsportal.info/uri/ebooks/ebooks2/pda/2011-12-01/1/10001.0471997919
Portfolio,'53111890370005159',http://proxy.lib.trentu.ca/login?url=http://books.scholarsportal.info/uri/ebooks/ebooks2/pda/2011-12-01/1/13573.9780470742716
Portfolio,'53111890930005159',http://proxy.lib.trentu.ca/login?url=http://books.scholarsportal.info/uri/ebooks/ebooks2/pda/2011-12-01/1/11069.9780240807799
Portfolio,'53111890690005159',http://proxy.lib.trentu.ca/login?url=http://books.scholarsportal.info/uri/ebooks/ebooks2/pda/2011-12-01/1/14738.9780472023622
Portfolio,'53111890390005159',http://proxy.lib.trentu.ca/login?url=http://books.scholarsportal.info/uri/ebooks/ebooks2/pda/2011-12-01/1/10613.9780262083447
Portfolio,'53111892070005159',http://proxy.lib.trentu.ca/login?url=http://books.scholarsportal.info/uri/ebooks/ebooks2/pda/2011-12-01/1/12752.9781606232255
Portfolio,'53111892150005159',http://proxy.lib.trentu.ca/login?url=http://books.scholarsportal.info/uri/ebooks/ebooks2/pda/2011-12-01/1/15161.9780470579664
Portfolio,'53111890910005159',http://proxy.lib.trentu.ca/login?url=http://books.scholarsportal.info/uri/ebooks/ebooks2/pda/2011-12-01/1/13569.9780787979249
Portfolio,'53111890670005159',http://proxy.lib.trentu.ca/login?url=http://books.scholarsportal.info/uri/ebooks/ebooks2/pda/2011-12-01/1/13559.9780470856512
Portfolio,'53111891770005159',http://proxy.lib.trentu.ca/login?url=http://books.scholarsportal.info/uri/ebooks/ebooks2/pda/2011-12-01/1/9781.0071486747
Portfolio,'53111892190005159',http://proxy.lib.trentu.ca/login?url=http://books.scholarsportal.info/uri/ebooks/ebooks2/pda/2011-12-01/1/7643.0520232585
Portfolio,'53111891950005159',http://proxy.lib.trentu.ca/login?url=http://books.scholarsportal.info/uri/ebooks/ebooks2/pda/2011-12-01/1/11379.1405132589
Portfolio,'53111892230005159',http://proxy.lib.trentu.ca/login?url=http://books.scholarsportal.info/uri/ebooks/ebooks2/pda/2011-12-01/1/13562.9781405152112
Portfolio,'53111892110005159',http://proxy.lib.trentu.ca/login?url=http://books.scholarsportal.info/uri/ebooks/ebooks2/pda/2011-12-01/1/15287.9780470585993
Portfolio,'53111894410005159',http://proxy.lib.trentu.ca/login?url=http://books.scholarsportal.info/uri/ebooks/ebooks2/pda/2011-12-01/1/12612.9781606230855
Portfolio,'53111935530005159',http://proxy.lib.trentu.ca/login?url=http://books.scholarsportal.info/uri/ebooks/ebooks2/pda/2011-12-01/1/12288.0071608915
Portfolio,'53111935970005159',http://proxy.lib.trentu.ca/login?url=http://books.scholarsportal.info/uri/ebooks/ebooks2/pda/2011-12-01/1/13894.9780470483015
Portfolio,'53111895050005159',http://proxy.lib.trentu.ca/login?url=http://books.scholarsportal.info/uri/ebooks/ebooks2/pda/2011-12-01/1/15284.9780472025459
Portfolio,'53111935310005159',http://proxy.lib.trentu.ca/login?url=http://books.scholarsportal.info/uri/ebooks/ebooks2/pda/2011-12-01/1/11905.9780262026420
Portfolio,'53111935330005159',http://proxy.lib.trentu.ca/login?url=http://books.scholarsportal.info/uri/ebooks/ebooks2/pda/2011-12-01/1/13671.007162466X
Portfolio,'53111936050005159',http://proxy.lib.trentu.ca/login?url=http://books.scholarsportal.info/uri/ebooks/ebooks2/pda/2011-12-01/1/12445.9781412907620
Portfolio,'53111894990005159',http://proxy.lib.trentu.ca/login?url=http://books.scholarsportal.info/uri/ebooks/ebooks2/pda/2011-12-01/1/5488.0262611503
Portfolio,'53111894890005159',http://proxy.lib.trentu.ca/login?url=http://books.scholarsportal.info/uri/ebooks/ebooks2/pda/2011-12-01/1/6850.0072224207
Portfolio,'53111894370005159',http://proxy.lib.trentu.ca/login?url=http://books.scholarsportal.info/uri/ebooks/ebooks2/pda/2011-12-01/1/7103.0071406077
Portfolio,'53111935570005159',http://proxy.lib.trentu.ca/login?url=http://books.scholarsportal.info/uri/ebooks/ebooks2/pda/2011-12-01/1/12495.0071598235
Portfolio,'53111935430005159',http://proxy.lib.trentu.ca/login?url=http://books.scholarsportal.info/uri/ebooks/ebooks2/pda/2011-12-01/1/11604.0071593969
Portfolio,'53111894550005159',http://proxy.lib.trentu.ca/login?url=http://books.scholarsportal.info/uri/ebooks/ebooks2/pda/2011-12-01/1/12147.9781606230473
Portfolio,'53111894950005159',http://proxy.lib.trentu.ca/login?url=http://books.scholarsportal.info/uri/ebooks/ebooks2/pda/2011-12-01/1/12975.9780230594180
Portfolio,'53111894790005159',http://proxy.lib.trentu.ca/login?url=http://books.scholarsportal.info/uri/ebooks/ebooks2/pda/2011-12-01/1/12475.9781606232217
Portfolio,'53111936250005159',http://proxy.lib.trentu.ca/login?url=http://books.scholarsportal.info/uri/ebooks/ebooks2/pda/2011-12-01/1/13907.9780754694076
Portfolio,'53111936010005159',http://proxy.lib.trentu.ca/login?url=http://books.scholarsportal.info/uri/ebooks/ebooks2/pda/2011-12-01/1/13555.9780470086384
Portfolio,'53111936190005159',http://proxy.lib.trentu.ca/login?url=http://books.scholarsportal.info/uri/ebooks/ebooks2/pda/2011-12-01/1/13568.9780471757634
Portfolio,'53111935510005159',http://proxy.lib.trentu.ca/login?url=http://books.scholarsportal.info/uri/ebooks/ebooks2/pda/2011-12-01/1/14562.9781444313260
Portfolio,'53111894830005159',http://proxy.lib.trentu.ca/login?url=http://books.scholarsportal.info/uri/ebooks/ebooks2/pda/2011-12-01/1/15000.9780470610374
Portfolio,'53111936350005159',http://proxy.lib.trentu.ca/login?url=http://books.scholarsportal.info/uri/ebooks/ebooks2/pda/2011-12-01/1/10613.9780262140935
Portfolio,'53111936130005159',http://proxy.lib.trentu.ca/login?url=http://books.scholarsportal.info/uri/ebooks/ebooks2/pda/2011-12-01/1/12140.0071641149
Portfolio,'53111935910005159',http://proxy.lib.trentu.ca/login?url=http://books.scholarsportal.info/uri/ebooks/ebooks2/pda/2011-12-01/1/10613.9780262026055
Portfolio,'53111935950005159',http://proxy.lib.trentu.ca/login?url=http://books.scholarsportal.info/uri/ebooks/ebooks2/pda/2011-12-01/1/13567.9780471651154
Portfolio,'53111894870005159',http://proxy.lib.trentu.ca/login?url=http://books.scholarsportal.info/uri/ebooks/ebooks2/pda/2011-12-01/1/8660.0520245229
Portfolio,'53111894630005159',http://proxy.lib.trentu.ca/login?url=http://books.scholarsportal.info/uri/ebooks/ebooks2/pda/2011-12-01/1/15000.9780470686430
Portfolio,'53111894810005159',http://proxy.lib.trentu.ca/login?url=http://books.scholarsportal.info/uri/ebooks/ebooks2/pda/2011-12-01/1/14221.9781606233061
Portfolio,'53111894850005159',http://proxy.lib.trentu.ca/login?url=http://books.scholarsportal.info/uri/ebooks/ebooks2/pda/2011-12-01/1/12612.9781606231128
Portfolio,'53111935470005159',http://proxy.lib.trentu.ca/login?url=http://books.scholarsportal.info/uri/ebooks/ebooks2/pda/2011-12-01/1/12762.9781856175500
Portfolio,'53111894510005159',http://proxy.lib.trentu.ca/login?url=http://books.scholarsportal.info/uri/ebooks/ebooks2/pda/2011-12-01/1/13564.9781444305326
Portfolio,'53111935370005159',http://proxy.lib.trentu.ca/login?url=http://books.scholarsportal.info/uri/ebooks/ebooks2/pda/2011-12-01/1/12513.9780120885732
Portfolio,'53111894570005159',http://proxy.lib.trentu.ca/login?url=http://books.scholarsportal.info/uri/ebooks/ebooks2/pda/2011-12-01/1/12228.9781405148825
Portfolio,'53111935610005159',http://proxy.lib.trentu.ca/login?url=http://books.scholarsportal.info/uri/ebooks/ebooks2/pda/2011-12-01/1/13562.9780787973889
Portfolio,'53111936210005159',http://proxy.lib.trentu.ca/login?url=http://books.scholarsportal.info/uri/ebooks/ebooks2/pda/2011-12-01/1/13561.9780471648284
Portfolio,'53111894730005159',http://proxy.lib.trentu.ca/login?url=http://books.scholarsportal.info/uri/ebooks/ebooks2/pda/2011-12-01/1/9292.0471663077
Portfolio,'53111935450005159',http://proxy.lib.trentu.ca/login?url=http://books.scholarsportal.info/uri/ebooks/ebooks2/pda/2011-12-01/1/13571.9780470050095
Portfolio,'53111936290005159',http://proxy.lib.trentu.ca/login?url=http://books.scholarsportal.info/uri/ebooks/ebooks2/pda/2011-12-01/1/12688.9780226038995
Portfolio,'53111935650005159',http://proxy.lib.trentu.ca/login?url=http://books.scholarsportal.info/uri/ebooks/ebooks2/pda/2011-12-01/1/12724.9780761940326
Portfolio,'53111894530005159',http://proxy.lib.trentu.ca/login?url=http://books.scholarsportal.info/uri/ebooks/ebooks2/pda/2011-12-01/1/15241.9781444320145
Portfolio,'53111895150005159',http://proxy.lib.trentu.ca/login?url=http://books.scholarsportal.info/uri/ebooks/ebooks2/pda/2011-12-01/1/13563.9783527618552
Portfolio,'53111894610005159',http://proxy.lib.trentu.ca/login?url=http://books.scholarsportal.info/uri/ebooks/ebooks2/pda/2011-12-01/1/9735.007148373X
Portfolio,'53111894750005159',http://proxy.lib.trentu.ca/login?url=http://books.scholarsportal.info/uri/ebooks/ebooks2/pda/2011-12-01/1/13562.9783527605156
Portfolio,'53111894310005159',http://proxy.lib.trentu.ca/login?url=http://books.scholarsportal.info/uri/ebooks/ebooks2/pda/2011-12-01/1/15327.9780080471501
Portfolio,'53111935350005159',http://proxy.lib.trentu.ca/login?url=http://books.scholarsportal.info/uri/ebooks/ebooks2/pda/2011-12-01/1/10693.9781593856243
Portfolio,'53111936150005159',http://proxy.lib.trentu.ca/login?url=http://books.scholarsportal.info/uri/ebooks/ebooks2/pda/2011-12-01/1/12003.0071592490
Portfolio,'53111935410005159',http://proxy.lib.trentu.ca/login?url=http://books.scholarsportal.info/uri/ebooks/ebooks2/pda/2011-12-01/1/14674.9780470605431
Portfolio,'53111894670005159',http://proxy.lib.trentu.ca/login?url=http://books.scholarsportal.info/uri/ebooks/ebooks2/pda/2011-12-01/1/9810.012088531X
Portfolio,'53111895070005159',http://proxy.lib.trentu.ca/login?url=http://books.scholarsportal.info/uri/ebooks/ebooks2/pda/2011-12-01/1/14908.9783527628933
Portfolio,'53111935830005159',http://proxy.lib.trentu.ca/login?url=http://books.scholarsportal.info/uri/ebooks/ebooks2/pda/2011-12-01/1/12995.9780787995638
Portfolio,'53111895170005159',http://proxy.lib.trentu.ca/login?url=http://books.scholarsportal.info/uri/ebooks/ebooks2/pda/2011-12-01/1/11190.9781405127653
Portfolio,'53111894590005159',http://proxy.lib.trentu.ca/login?url=http://books.scholarsportal.info/uri/ebooks/ebooks2/pda/2011-12-01/1/13572.9781444311730
Portfolio,'53111894270005159',http://proxy.lib.trentu.ca/login?url=http://books.scholarsportal.info/uri/ebooks/ebooks2/pda/2011-12-01/1/12137.9780470777299
Portfolio,'53111935730005159',http://proxy.lib.trentu.ca/login?url=http://books.scholarsportal.info/uri/ebooks/ebooks2/pda/2011-12-01/1/13821.9780123746238
Portfolio,'53111936110005159',http://proxy.lib.trentu.ca/login?url=http://books.scholarsportal.info/uri/ebooks/ebooks2/pda/2011-12-01/1/10732.9780765614681
Portfolio,'53111935670005159',http://proxy.lib.trentu.ca/login?url=http://books.scholarsportal.info/uri/ebooks/ebooks2/pda/2011-12-01/1/11149.9780123740373
Portfolio,'53111936030005159',http://proxy.lib.trentu.ca/login?url=http://books.scholarsportal.info/uri/ebooks/ebooks2/pda/2011-12-01/1/13268.9780691114873
Portfolio,'53111894330005159',http://proxy.lib.trentu.ca/login?url=http://books.scholarsportal.info/uri/ebooks/ebooks2/pda/2011-12-01/1/12228.9781405143448
Portfolio,'53111935390005159',http://proxy.lib.trentu.ca/login?url=http://books.scholarsportal.info/uri/ebooks/ebooks2/pda/2011-12-01/1/14691.9780470565506
Portfolio,'53111935850005159',http://proxy.lib.trentu.ca/login?url=http://books.scholarsportal.info/uri/ebooks/ebooks2/pda/2011-12-01/1/10749.9780122541056
Portfolio,'53111935930005159',http://proxy.lib.trentu.ca/login?url=http://books.scholarsportal.info/uri/ebooks/ebooks2/pda/2011-12-01/1/12094.007159597X
Portfolio,'53111935490005159',http://proxy.lib.trentu.ca/login?url=http://books.scholarsportal.info/uri/ebooks/ebooks2/pda/2011-12-01/1/13034.9780816656905
Portfolio,'53111894690005159',http://proxy.lib.trentu.ca/login?url=http://books.scholarsportal.info/uri/ebooks/ebooks2/pda/2011-12-01/1/11628.9781593858285
Portfolio,'53111935630005159',http://proxy.lib.trentu.ca/login?url=http://books.scholarsportal.info/uri/ebooks/ebooks2/pda/2011-12-01/1/13556.9780470130438
Portfolio,'53111935810005159',http://proxy.lib.trentu.ca/login?url=http://books.scholarsportal.info/uri/ebooks/ebooks2/pda/2011-12-01/1/13233.0071591451
Portfolio,'53111894930005159',http://proxy.lib.trentu.ca/login?url=http://books.scholarsportal.info/uri/ebooks/ebooks2/pda/2011-12-01/1/15161.9781444317220
Portfolio,'53111894650005159',http://proxy.lib.trentu.ca/login?url=http://books.scholarsportal.info/uri/ebooks/ebooks2/pda/2011-12-01/1/15000.9780470393574
Portfolio,'53111894710005159',http://proxy.lib.trentu.ca/login?url=http://books.scholarsportal.info/uri/ebooks/ebooks2/pda/2011-12-01/1/10950.9789812706249
Portfolio,'53111935990005159',http://proxy.lib.trentu.ca/login?url=http://books.scholarsportal.info/uri/ebooks/ebooks2/pda/2011-12-01/1/13567.9780471728771
Portfolio,'53111894250005159',http://proxy.lib.trentu.ca/login?url=http://books.scholarsportal.info/uri/ebooks/ebooks2/pda/2011-12-01/1/9429.1591407788
Portfolio,'53111894490005159',http://proxy.lib.trentu.ca/login?url=http://books.scholarsportal.info/uri/ebooks/ebooks2/pda/2011-12-01/1/15331.9781444318906
Portfolio,'53111935750005159',http://proxy.lib.trentu.ca/login?url=http://books.scholarsportal.info/uri/ebooks/ebooks2/pda/2011-12-01/1/13574.9780470730430
Portfolio,'53111936070005159',http://proxy.lib.trentu.ca/login?url=http://books.scholarsportal.info/uri/ebooks/ebooks2/pda/2011-12-01/1/11607.9780080430096
Portfolio,'53111936270005159',http://proxy.lib.trentu.ca/login?url=http://books.scholarsportal.info/uri/ebooks/ebooks2/pda/2011-12-01/1/10125.9780631232001
Portfolio,'53111936170005159',http://proxy.lib.trentu.ca/login?url=http://books.scholarsportal.info/uri/ebooks/ebooks2/pda/2011-12-01/1/5488.0262611503
Portfolio,'53111894470005159',http://proxy.lib.trentu.ca/login?url=http://books.scholarsportal.info/uri/ebooks/ebooks2/pda/2011-12-01/1/15327.9780080475462
Portfolio,'53111936310005159',http://proxy.lib.trentu.ca/login?url=http://books.scholarsportal.info/uri/ebooks/ebooks2/pda/2011-12-01/1/11504.9780754685661
Portfolio,'53111895030005159',http://proxy.lib.trentu.ca/login?url=http://books.scholarsportal.info/uri/ebooks/ebooks2/pda/2011-12-01/1/7977.0851995926
Portfolio,'53111894970005159',http://proxy.lib.trentu.ca/login?url=http://books.scholarsportal.info/uri/ebooks/ebooks2/pda/2011-12-01/1/11379.9781405118675
Portfolio,'53111935890005159',http://proxy.lib.trentu.ca/login?url=http://books.scholarsportal.info/uri/ebooks/ebooks2/pda/2011-12-01/1/12995.9780470118467
Portfolio,'53111895090005159',http://proxy.lib.trentu.ca/login?url=http://books.scholarsportal.info/uri/ebooks/ebooks2/pda/2011-12-01/1/9738.1403981469
Portfolio,'53111935870005159',http://proxy.lib.trentu.ca/login?url=http://books.scholarsportal.info/uri/ebooks/ebooks2/pda/2011-12-01/1/13634.9781444313093
Portfolio,'53111935690005159',http://proxy.lib.trentu.ca/login?url=http://books.scholarsportal.info/uri/ebooks/ebooks2/pda/2011-12-01/1/13830.0071604065
Portfolio,'53111935550005159',http://proxy.lib.trentu.ca/login?url=http://books.scholarsportal.info/uri/ebooks/ebooks2/pda/2011-12-01/1/12137.9780470987278
Portfolio,'53111935770005159',http://proxy.lib.trentu.ca/login?url=http://books.scholarsportal.info/uri/ebooks/ebooks2/pda/2011-12-01/1/13565.9780470058893
Portfolio,'53111894290005159',http://proxy.lib.trentu.ca/login?url=http://books.scholarsportal.info/uri/ebooks/ebooks2/pda/2011-12-01/1/7479.0071409130
Portfolio,'53111935590005159',http://proxy.lib.trentu.ca/login?url=http://books.scholarsportal.info/uri/ebooks/ebooks2/pda/2011-12-01/1/10066.0750681543
Portfolio,'53111895110005159',http://proxy.lib.trentu.ca/login?url=http://books.scholarsportal.info/uri/ebooks/ebooks2/pda/2011-12-01/1/12475.9781606232101
Portfolio,'53111894910005159',http://proxy.lib.trentu.ca/login?url=http://books.scholarsportal.info/uri/ebooks/ebooks2/pda/2011-12-01/1/14068.9781845932633
Portfolio,'53111935790005159',http://proxy.lib.trentu.ca/login?url=http://books.scholarsportal.info/uri/ebooks/ebooks2/pda/2011-12-01/1/11870.9780470259801
Portfolio,'53111894350005159',http://proxy.lib.trentu.ca/login?url=http://books.scholarsportal.info/uri/ebooks/ebooks2/pda/2011-12-01/1/13562.9781444308068
Portfolio,'53111935710005159',http://proxy.lib.trentu.ca/login?url=http://books.scholarsportal.info/uri/ebooks/ebooks2/pda/2011-12-01/1/13861.9780470156643
Portfolio,'53111894450005159',http://proxy.lib.trentu.ca/login?url=http://books.scholarsportal.info/uri/ebooks/ebooks2/pda/2011-12-01/1/7773.0520239091
Portfolio,'53111936090005159',http://proxy.lib.trentu.ca/login?url=http://books.scholarsportal.info/uri/ebooks/ebooks2/pda/2011-12-01/1/12859.080786126X
Portfolio,'53111895010005159',http://proxy.lib.trentu.ca/login?url=http://books.scholarsportal.info/uri/ebooks/ebooks2/pda/2011-12-01/1/8968.1403973334
Portfolio,'53111936330005159',http://proxy.lib.trentu.ca/login?url=http://books.scholarsportal.info/uri/ebooks/ebooks2/pda/2011-12-01/1/13559.9780470712085
Portfolio,'53111894430005159',http://proxy.lib.trentu.ca/login?url=http://books.scholarsportal.info/uri/ebooks/ebooks2/pda/2011-12-01/1/12995.9781444300482
Portfolio,'53111894770005159',http://proxy.lib.trentu.ca/login?url=http://books.scholarsportal.info/uri/ebooks/ebooks2/pda/2011-12-01/1/14908.9781444317428
Portfolio,'53111894390005159',http://proxy.lib.trentu.ca/login?url=http://books.scholarsportal.info/uri/ebooks/ebooks2/pda/2011-12-01/1/12016.9780470753026
Portfolio,'53111936230005159',http://proxy.lib.trentu.ca/login?url=http://books.scholarsportal.info/uri/ebooks/ebooks2/pda/2011-12-01/1/12602.0071641483
Portfolio,'53111895130005159',http://proxy.lib.trentu.ca/login?url=http://books.scholarsportal.info/uri/ebooks/ebooks2/pda/2011-12-01/1/7936.0520241541
Portfolio,'53111936590005159',http://proxy.lib.trentu.ca/login?url=http://books.scholarsportal.info/uri/ebooks/ebooks2/pda/2011-12-01/1/12016.9780470755204
Portfolio,'53111937250005159',http://proxy.lib.trentu.ca/login?url=http://books.scholarsportal.info/uri/ebooks/ebooks2/pda/2011-12-01/1/10613.9780262083577
Portfolio,'53111936630005159',http://proxy.lib.trentu.ca/login?url=http://books.scholarsportal.info/uri/ebooks/ebooks2/pda/2011-12-01/1/10651.9780120415625
Portfolio,'53111937010005159',http://proxy.lib.trentu.ca/login?url=http://books.scholarsportal.info/uri/ebooks/ebooks2/pda/2011-12-01/1/11865.9780262232319
Portfolio,'53111936390005159',http://proxy.lib.trentu.ca/login?url=http://books.scholarsportal.info/uri/ebooks/ebooks2/pda/2011-12-01/1/12896.9780471654025
Portfolio,'53111937210005159',http://proxy.lib.trentu.ca/login?url=http://books.scholarsportal.info/uri/ebooks/ebooks2/pda/2011-12-01/1/11539.0071594477
Portfolio,'53111937330005159',http://proxy.lib.trentu.ca/login?url=http://books.scholarsportal.info/uri/ebooks/ebooks2/pda/2011-12-01/1/13565.9780470033760
Portfolio,'53111937410005159',http://proxy.lib.trentu.ca/login?url=http://books.scholarsportal.info/uri/ebooks/ebooks2/pda/2011-12-01/1/10732.9780765614728
Portfolio,'53111937530005159',http://proxy.lib.trentu.ca/login?url=http://books.scholarsportal.info/uri/ebooks/ebooks2/pda/2011-12-01/1/10618.9780750651318
Portfolio,'53111937730005159',http://proxy.lib.trentu.ca/login?url=http://books.scholarsportal.info/uri/ebooks/ebooks2/pda/2011-12-01/1/11896.9780226484754
Portfolio,'53111936990005159',http://proxy.lib.trentu.ca/login?url=http://books.scholarsportal.info/uri/ebooks/ebooks2/pda/2011-12-01/1/13788.0071611444
Portfolio,'53111937350005159',http://proxy.lib.trentu.ca/login?url=http://books.scholarsportal.info/uri/ebooks/ebooks2/pda/2011-12-01/1/12408.9780230508286
Portfolio,'53111937650005159',http://proxy.lib.trentu.ca/login?url=http://books.scholarsportal.info/uri/ebooks/ebooks2/pda/2011-12-01/1/13561.9780787959913
Portfolio,'53111937190005159',http://proxy.lib.trentu.ca/login?url=http://books.scholarsportal.info/uri/ebooks/ebooks2/pda/2011-12-01/1/14348.9780226586656
Portfolio,'53111937710005159',http://proxy.lib.trentu.ca/login?url=http://books.scholarsportal.info/uri/ebooks/ebooks2/pda/2011-12-01/1/12174.0071590390
Portfolio,'53111937170005159',http://proxy.lib.trentu.ca/login?url=http://books.scholarsportal.info/uri/ebooks/ebooks2/pda/2011-12-01/1/11865.9780262162098
Portfolio,'53111937850005159',http://proxy.lib.trentu.ca/login?url=http://books.scholarsportal.info/uri/ebooks/ebooks2/pda/2011-12-01/1/11764.9780803989054
Portfolio,'53142444390005159',http://proxy.lib.trentu.ca/login?url=http://books.scholarsportal.info/uri/ebooks/ebooks2/pda/2011-12-01/1/13387.9780226062648
Portfolio,'53111937750005159',http://proxy.lib.trentu.ca/login?url=http://books.scholarsportal.info/uri/ebooks/ebooks2/pda/2011-12-01/1/11661.9780816646128
Portfolio,'53111936770005159',http://proxy.lib.trentu.ca/login?url=http://books.scholarsportal.info/uri/ebooks/ebooks2/pda/2011-12-01/1/13713.0071633421
Portfolio,'53111937830005159',http://proxy.lib.trentu.ca/login?url=http://books.scholarsportal.info/uri/ebooks/ebooks2/pda/2011-12-01/1/9810.075065693X
Portfolio,'53111936930005159',http://proxy.lib.trentu.ca/login?url=http://books.scholarsportal.info/uri/ebooks/ebooks2/pda/2011-12-01/1/14501.9780444534668
Portfolio,'53111937290005159',http://proxy.lib.trentu.ca/login?url=http://books.scholarsportal.info/uri/ebooks/ebooks2/pda/2011-12-01/1/10123.0631208658
Portfolio,'53111936950005159',http://proxy.lib.trentu.ca/login?url=http://books.scholarsportal.info/uri/ebooks/ebooks2/pda/2011-12-01/1/12977.9780470389485
Portfolio,'53111937030005159',http://proxy.lib.trentu.ca/login?url=http://books.scholarsportal.info/uri/ebooks/ebooks2/pda/2011-12-01/1/13387.9780226062648
Portfolio,'53111937430005159',http://proxy.lib.trentu.ca/login?url=http://books.scholarsportal.info/uri/ebooks/ebooks2/pda/2011-12-01/1/10985.9780123735836
Portfolio,'53111936650005159',http://proxy.lib.trentu.ca/login?url=http://books.scholarsportal.info/uri/ebooks/ebooks2/pda/2011-12-01/1/13567.9780471474135
Portfolio,'53111936410005159',http://proxy.lib.trentu.ca/login?url=http://books.scholarsportal.info/uri/ebooks/ebooks2/pda/2011-12-01/1/11504.9780754683469
Portfolio,'53111936570005159',http://proxy.lib.trentu.ca/login?url=http://books.scholarsportal.info/uri/ebooks/ebooks2/pda/2011-12-01/1/13894.9780470746509
Portfolio,'53111936610005159',http://proxy.lib.trentu.ca/login?url=http://books.scholarsportal.info/uri/ebooks/ebooks2/pda/2011-12-01/1/12291.9780750652407
Portfolio,'53111937510005159',http://proxy.lib.trentu.ca/login?url=http://books.scholarsportal.info/uri/ebooks/ebooks2/pda/2011-12-01/1/13560.9780471273974
Portfolio,'53111936910005159',http://proxy.lib.trentu.ca/login?url=http://books.scholarsportal.info/uri/ebooks/ebooks2/pda/2011-12-01/1/13566.9780470189641
Portfolio,'53111937790005159',http://proxy.lib.trentu.ca/login?url=http://books.scholarsportal.info/uri/ebooks/ebooks2/pda/2011-12-01/1/14750.9781444317183
Portfolio,'53111936490005159',http://proxy.lib.trentu.ca/login?url=http://books.scholarsportal.info/uri/ebooks/ebooks2/pda/2011-12-01/1/13562.9780787986490
Portfolio,'53111937450005159',http://proxy.lib.trentu.ca/login?url=http://books.scholarsportal.info/uri/ebooks/ebooks2/pda/2011-12-01/1/13561.9780471754701
Portfolio,'53111937770005159',http://proxy.lib.trentu.ca/login?url=http://books.scholarsportal.info/uri/ebooks/ebooks2/pda/2011-12-01/1/14615.9780262258920
Portfolio,'53111937950005159',http://proxy.lib.trentu.ca/login?url=http://books.scholarsportal.info/uri/ebooks/ebooks2/pda/2011-12-01/1/12668.9780470370247
Portfolio,'53111937890005159',http://proxy.lib.trentu.ca/login?url=http://books.scholarsportal.info/uri/ebooks/ebooks2/pda/2011-12-01/1/14265.9780470554128
Portfolio,'53111936430005159',http://proxy.lib.trentu.ca/login?url=http://books.scholarsportal.info/uri/ebooks/ebooks2/pda/2011-12-01/1/13567.9780471463894
Portfolio,'53111936510005159',http://proxy.lib.trentu.ca/login?url=http://books.scholarsportal.info/uri/ebooks/ebooks2/pda/2011-12-01/1/12445.9780761948797
Portfolio,'53111937470005159',http://proxy.lib.trentu.ca/login?url=http://books.scholarsportal.info/uri/ebooks/ebooks2/pda/2011-12-01/1/10588.9780123497031
Portfolio,'53111937150005159',http://proxy.lib.trentu.ca/login?url=http://books.scholarsportal.info/uri/ebooks/ebooks2/pda/2011-12-01/1/10717.0071501258
Portfolio,'53111937910005159',http://proxy.lib.trentu.ca/login?url=http://books.scholarsportal.info/uri/ebooks/ebooks2/pda/2011-12-01/1/13566.9780470068243
Portfolio,'53111937970005159',http://proxy.lib.trentu.ca/login?url=http://books.scholarsportal.info/uri/ebooks/ebooks2/pda/2011-12-01/1/13559.9780470771037
Portfolio,'53111937550005159',http://proxy.lib.trentu.ca/login?url=http://books.scholarsportal.info/uri/ebooks/ebooks2/pda/2011-12-01/1/10428.0750669551
Portfolio,'53111937370005159',http://proxy.lib.trentu.ca/login?url=http://books.scholarsportal.info/uri/ebooks/ebooks2/pda/2011-12-01/1/14149.0071600248
Portfolio,'53111937930005159',http://proxy.lib.trentu.ca/login?url=http://books.scholarsportal.info/uri/ebooks/ebooks2/pda/2011-12-01/1/13566.9780470869581
Portfolio,'53111937050005159',http://proxy.lib.trentu.ca/login?url=http://books.scholarsportal.info/uri/ebooks/ebooks2/pda/2011-12-01/1/11351.0071593624
Portfolio,'53111937070005159',http://proxy.lib.trentu.ca/login?url=http://books.scholarsportal.info/uri/ebooks/ebooks2/pda/2011-12-01/1/10788.0071500634
Portfolio,'53111937270005159',http://proxy.lib.trentu.ca/login?url=http://books.scholarsportal.info/uri/ebooks/ebooks2/pda/2011-12-01/1/13561.9780471472001
Portfolio,'53111937670005159',http://proxy.lib.trentu.ca/login?url=http://books.scholarsportal.info/uri/ebooks/ebooks2/pda/2011-12-01/1/10001.0471997919
Portfolio,'53111937230005159',http://proxy.lib.trentu.ca/login?url=http://books.scholarsportal.info/uri/ebooks/ebooks2/pda/2011-12-01/1/11936.9780262550420
Portfolio,'53111936850005159',http://proxy.lib.trentu.ca/login?url=http://books.scholarsportal.info/uri/ebooks/ebooks2/pda/2011-12-01/1/12288.0071643923
Portfolio,'53111937310005159',http://proxy.lib.trentu.ca/login?url=http://books.scholarsportal.info/uri/ebooks/ebooks2/pda/2011-12-01/1/13558.9780470518700
Portfolio,'53111936890005159',http://proxy.lib.trentu.ca/login?url=http://books.scholarsportal.info/uri/ebooks/ebooks2/pda/2011-12-01/1/14564.9780470430170
Portfolio,'53111936710005159',http://proxy.lib.trentu.ca/login?url=http://books.scholarsportal.info/uri/ebooks/ebooks2/pda/2011-12-01/1/13559.9780470865903
Portfolio,'53111937810005159',http://proxy.lib.trentu.ca/login?url=http://books.scholarsportal.info/uri/ebooks/ebooks2/pda/2011-12-01/1/12016.9780470756447
Portfolio,'53111937870005159',http://proxy.lib.trentu.ca/login?url=http://books.scholarsportal.info/uri/ebooks/ebooks2/pda/2011-12-01/1/13556.9780470175644
Portfolio,'53111936370005159',http://proxy.lib.trentu.ca/login?url=http://books.scholarsportal.info/uri/ebooks/ebooks2/pda/2011-12-01/1/13561.9780471478744
Portfolio,'53111936750005159',http://proxy.lib.trentu.ca/login?url=http://books.scholarsportal.info/uri/ebooks/ebooks2/pda/2011-12-01/1/11586.0071593519
Portfolio,'53111937610005159',http://proxy.lib.trentu.ca/login?url=http://books.scholarsportal.info/uri/ebooks/ebooks2/pda/2011-12-01/1/12231.0071590358
Portfolio,'53111936970005159',http://proxy.lib.trentu.ca/login?url=http://books.scholarsportal.info/uri/ebooks/ebooks2/pda/2011-12-01/1/10618.9780750651110
Portfolio,'53111936690005159',http://proxy.lib.trentu.ca/login?url=http://books.scholarsportal.info/uri/ebooks/ebooks2/pda/2011-12-01/1/13556.9780470222607
Portfolio,'53111937090005159',http://proxy.lib.trentu.ca/login?url=http://books.scholarsportal.info/uri/ebooks/ebooks2/pda/2011-12-01/1/11354.9780123694119
Portfolio,'53111936530005159',http://proxy.lib.trentu.ca/login?url=http://books.scholarsportal.info/uri/ebooks/ebooks2/pda/2011-12-01/1/10613.9780262511919
Portfolio,'53111936810005159',http://proxy.lib.trentu.ca/login?url=http://books.scholarsportal.info/uri/ebooks/ebooks2/pda/2011-12-01/1/14514.9780226437057
Portfolio,'53111936730005159',http://proxy.lib.trentu.ca/login?url=http://books.scholarsportal.info/uri/ebooks/ebooks2/pda/2011-12-01/1/11126.9780262072878
Portfolio,'53111936830005159',http://proxy.lib.trentu.ca/login?url=http://books.scholarsportal.info/uri/ebooks/ebooks2/pda/2011-12-01/1/13556.9780470129944
Portfolio,'53111937690005159',http://proxy.lib.trentu.ca/login?url=http://books.scholarsportal.info/uri/ebooks/ebooks2/pda/2011-12-01/1/12016.9780470756737
Portfolio,'53111936450005159',http://proxy.lib.trentu.ca/login?url=http://books.scholarsportal.info/uri/ebooks/ebooks2/pda/2011-12-01/1/13559.9780470725467
Portfolio,'53111937590005159',http://proxy.lib.trentu.ca/login?url=http://books.scholarsportal.info/uri/ebooks/ebooks2/pda/2011-12-01/1/13562.9783527605156
Portfolio,'53111937990005159',http://proxy.lib.trentu.ca/login?url=http://books.scholarsportal.info/uri/ebooks/ebooks2/pda/2011-12-01/1/11117.0816641897
Portfolio,'53111937390005159',http://proxy.lib.trentu.ca/login?url=http://books.scholarsportal.info/uri/ebooks/ebooks2/pda/2011-12-01/1/12995.9780470147986
Portfolio,'53111936550005159',http://proxy.lib.trentu.ca/login?url=http://books.scholarsportal.info/uri/ebooks/ebooks2/pda/2011-12-01/1/12688.9780226637853
Portfolio,'53111936670005159',http://proxy.lib.trentu.ca/login?url=http://books.scholarsportal.info/uri/ebooks/ebooks2/pda/2011-12-01/1/14615.9780262258920
Portfolio,'53111937130005159',http://proxy.lib.trentu.ca/login?url=http://books.scholarsportal.info/uri/ebooks/ebooks2/pda/2011-12-01/1/13569.9780787979805
Portfolio,'53111937630005159',http://proxy.lib.trentu.ca/login?url=http://books.scholarsportal.info/uri/ebooks/ebooks2/pda/2011-12-01/1/13558.9780470510841
Portfolio,'53111936870005159',http://proxy.lib.trentu.ca/login?url=http://books.scholarsportal.info/uri/ebooks/ebooks2/pda/2011-12-01/1/10915.9780123736239
Portfolio,'53111937110005159',http://proxy.lib.trentu.ca/login?url=http://books.scholarsportal.info/uri/ebooks/ebooks2/pda/2011-12-01/1/11539.0071596143
Portfolio,'53111936470005159',http://proxy.lib.trentu.ca/login?url=http://books.scholarsportal.info/uri/ebooks/ebooks2/pda/2011-12-01/1/11936.9780262041997
Portfolio,'53111937490005159',http://proxy.lib.trentu.ca/login?url=http://books.scholarsportal.info/uri/ebooks/ebooks2/pda/2011-12-01/1/13634.9780470478189
Portfolio,'53120597710005159',http://proxy.lib.trentu.ca/login?url=http://books.scholarsportal.info/uri/ebooks/ebooks2/pda/2011-12-01/1/10651.9781558608023
Portfolio,'53111937570005159',http://proxy.lib.trentu.ca/login?url=http://books.scholarsportal.info/uri/ebooks/ebooks2/pda/2011-12-01/1/13565.9780470026489
Portfolio,'53111936790005159',http://proxy.lib.trentu.ca/login?url=http://books.scholarsportal.info/uri/ebooks/ebooks2/pda/2011-12-01/1/13830.0071608966
